15-9892094,Skipton Spargo,75,Saltness
92-4644611,Bird Bearham,56,Jamesstead
20-8589199,Carney Ondrak,36,Weirside
47-8010407,Harper Gabbotts,65,Aelworth
75-9363536,Almeria MacTrusty,33,Hapville
93-8229160,Brit Threadgall,45,Foxcaster
89-0121163,Xenia Marritt,76,Wingby
85-0538407,Franny Stickley,70,Sandcaster
95-8916603,Blake Hurne,61,Autown
51-5885861,Dolf Abrahm,59,West Millland
65-3166876,Far Panketh,60,Saltness
89-9189336,Vanna Scrowston,53,Sandmouth
70-2360928,Annemarie Neumann,42,Wingby
65-7227976,Jennica Taylorson,77,Waltwich
79-0982315,Burty Gall,49,Sandmouth
65-5602060,Germana Mildmott,49,Fishville
73-0187455,Roby Awton,87,Foxcaster
83-5005157,Algernon Whetland,50,Westmouth
26-8672661,Giavani Polye,36,South Hoscester
69-4189733,Chick Connors,49,Hogcaster
07-9955906,Minny McVittie,71,Aelworth
73-6762073,Catriona Battaille,44,West Millland
11-2626898,Grant Olenikov,91,Great Skillburg
31-7641494,Conan Michurin,89,Wingby
05-4652731,Levon Chomley,34,Saltness
73-6731233,Brose Haller,40,Valenburgh
51-7783781,Willy Sonner,40,Sandcaster
74-8254635,Patrica MacRirie,55,Stonekarta
63-2720391,Kamila Girvin,73,Waltwich
23-1463166,Matthieu Emmitt,36,Saltness
62-2238167,Blondy Sheryn,33,Jamesstead
85-3148052,Keenan Goligly,56,Jamesstead
37-4110174,Marice Blakesley,89,South Hoscester
32-2091402,Lesya Biskupski,40,Stonekarta
82-6863735,Aubrie Provost,37,Lawley
15-6677725,Ernaline Duigenan,94,South Hoscester
64-5857076,Alaster Mowett,97,South Hoscester
17-7490399,Taber Eskrick,82,Hapville
75-9950590,Ardene Wolledge,64,Westmouth
01-5131145,Dan Whitter,70,Great Skillburg
80-9959393,Gene Battin,63,Westmouth
63-4946003,Kellia Machon,74,Riverley
75-8056720,Anitra Hinnerk,75,Westmouth
39-0230093,Joshia Mayhead,46,Wingby
48-3853065,Gerrilee Bohling,72,Hardgrad
20-3049887,Allyce Rostron,61,Hapville
27-9324823,Nichols Reggiani,59,Riverley
52-3904176,Jasmina Brash,94,Lawley
15-7066237,Helene Flitcroft,66,Parkview
18-3251698,Marten Lafrentz,69,Hardgrad
22-1423429,Aubrette Lacase,60,Lawley
35-0355935,Rafe Graal,62,Weirside
01-1764545,Genevra Schapero,88,Sandmouth
49-3125641,Berte Ajam,78,Valenburgh
93-8903937,Winonah Radsdale,81,Fishville
16-4969089,Corene Maillard,50,Sandcaster
24-7930294,Kyle Boeter,54,Valenburgh
64-7543608,Harper Willingham,48,West Millland
81-4651451,Bradney Wivell,48,Lawley
11-4308498,Dareen Blaschek,85,Weirside
42-0746309,Jerrie Gilbee,88,Fishville
71-9608789,Petronia Geeve,44,Valenburgh
17-8313711,Lovell Castles,59,Jamesstead
80-0368968,Ozzie Raft,48,Wingby
98-1874620,Madel Tumasian,93,Aelworth
88-8370122,Willyt Scinelli,29,Foxcaster
41-7758643,Aurel Guilaem,38,Fishville
48-1672897,Rollo Clows,97,Foxcaster
59-8658882,Fields Niset,62,Hogcaster
91-1389310,Gunner Jeckell,62,Riverley
58-7981853,Porter Colledge,60,Weirside
29-0302419,Joete Ygo,48,West Millland
61-9156800,Erinna Dy,61,Stonekarta
35-4991836,Starla Goggen,95,West Millland
83-4130875,Doll Giordano,84,Sandmouth
16-6656888,Raquel Flather,95,Sandcaster
28-1582301,Stormy Ginty,91,Wingby
58-8343981,Beitris Gatrill,35,Wingby
22-7499009,Terry Borleace,72,Saltness
84-5439293,Tadeo Alday,48,Saltness
84-5868371,Gaylene Crowcher,89,West Millland
90-0970827,Perle Stores,82,Great Skillburg
53-3239882,Donny Speke,47,Waltwich
09-3608159,Caritta Boys,54,Aelworth
75-0356266,Lion Backes,59,South Hoscester
96-5617063,Mark Hollows,66,Riverley
18-9381324,Jean McParlin,81,Wingby
08-5835318,Fred Waison,68,Lawley
97-2098530,Maxim Di Biasi,87,South Hoscester
52-1464257,Ileana Brymner,99,Fishville
00-1582620,Carley Hill,61,Stonekarta
80-7725457,Ilario Diboll,60,Saltness
42-4595122,Guenevere Wetherby,60,Fishville
44-8042993,Willi Williment,76,Fairview
91-6433600,Juan Whye,50,Aelworth
45-4914454,Cassaundra Ibotson,57,Fairview
72-0192067,Walker Milington,65,Autown
30-2126184,Letty Kohrsen,34,Westmouth
10-7591609,Sanderson Towhey,42,Great Skillburg
80-6895749,Pennie Sprulls,70,Lawley
